Hate,English
Hate,English
Hate,English
Dislike,English
Dislike,English
Dislike,English
Dislike,English
Dislike,English
Dislike,English
Dislike,English
Dislike,English
Dislike,English
Dislike,English
Dislike,English
Dislike,English
Dislike,English
Dislike,English
Dislike,English
Dislike,English
Dislike,English
Dislike,English
Dislike,English
Dislike,English
Dislike,English
Dislike,English
Dislike,English
Dislike,English
Dislike,English
Neutral,English
Neutral,English
Neutral,English
Neutral,English
Neutral,English
Neutral,English
Neutral,English
Neutral,English
Neutral,English
Neutral,English
Neutral,English
Neutral,English
Neutral,English
Neutral,English
Neutral,English
Neutral,English
Neutral,English
Neutral,English
Neutral,English
Neutral,English
Neutral,English
Neutral,English
Neutral,English
Neutral,English
Neutral,English
Neutral,English
Neutral,English
Neutral,English
Neutral,English
Neutral,English
Neutral,English
Neutral,English
Like,English
Like,English
Like,English
Like,English
Like,English
Like,English
Like,English
Like,English
Like,English
Like,English
Like,English
Like,English
Like,English
Like,English
Like,English
Like,English
Like,English
Like,English
Like,English
Like,English
Like,English
Like,English
Like,English
Like,English
Like,English
Like,English
Like,English
Like,English
Like,English
Like,English
Like,English
Like,English
Like,English
Like,English
Like,English
Like,English
Like,English
Like,English
Like,English
Love,English
Love,English
Love,English
Love,English
Love,English
Love,English
Love,English
Love,English
Love,English
Love,English
Love,English
Love,English
Love,English
Love,English
Love,English
Love,English
Hate,Math
Hate,Math
Hate,Math
Hate,Math
Hate,Math
Hate,Math
Hate,Math
Hate,Math
Hate,Math
Dislike,Math
Dislike,Math
Dislike,Math
Dislike,Math
Dislike,Math
Dislike,Math
Dislike,Math
Dislike,Math
Dislike,Math
Dislike,Math
Dislike,Math
Dislike,Math
Dislike,Math
Dislike,Math
Dislike,Math
Dislike,Math
Dislike,Math
Neutral,Math
Neutral,Math
Neutral,Math
Neutral,Math
Neutral,Math
Neutral,Math
Neutral,Math
Neutral,Math
Neutral,Math
Neutral,Math
Neutral,Math
Neutral,Math
Neutral,Math
Neutral,Math
Neutral,Math
Neutral,Math
Neutral,Math
Neutral,Math
Neutral,Math
Neutral,Math
Neutral,Math
Neutral,Math
Neutral,Math
Neutral,Math
Neutral,Math
Neutral,Math
Neutral,Math
Neutral,Math
Neutral,Math
Neutral,Math
Neutral,Math
Neutral,Math
Neutral,Math
Like,Math
Like,Math
Like,Math
Like,Math
Like,Math
Like,Math
Like,Math
Like,Math
Like,Math
Like,Math
Like,Math
Like,Math
Like,Math
Like,Math
Like,Math
Like,Math
Like,Math
Like,Math
Like,Math
Like,Math
Like,Math
Hate,Science
Hate,Science
Hate,Science
Hate,Science
Hate,Science
Hate,Science
Hate,Science
Dislike,Science
Dislike,Science
Dislike,Science
Dislike,Science
Dislike,Science
Dislike,Science
Dislike,Science
Dislike,Science
Dislike,Science
Dislike,Science
Dislike,Science
Dislike,Science
Dislike,Science
Dislike,Science
Dislike,Science
Dislike,Science
Dislike,Science
Dislike,Science
Neutral,Science
Neutral,Science
Neutral,Science
Neutral,Science
Neutral,Science
Neutral,Science
Neutral,Science
Neutral,Science
Neutral,Science
Neutral,Science
Neutral,Science
Neutral,Science
Neutral,Science
Neutral,Science
Neutral,Science
Neutral,Science
Neutral,Science
Neutral,Science
Neutral,Science
Neutral,Science
Neutral,Science
Neutral,Science
Neutral,Science
Neutral,Science
Neutral,Science
Like,Science
Like,Science
Like,Science
Like,Science
Like,Science
Like,Science
Like,Science
Like,Science
Like,Science
Like,Science
Like,Science
Like,Science
Like,Science
Like,Science
Like,Science
Like,Science
Like,Science
Like,Science
Like,Science
Like,Science
Like,Science
Like,Science
Like,Science
Like,Science
Like,Science
Like,Science
Like,Science
Like,Science
Like,Science
Like,Science
Like,Science
Like,Science
Like,Science
Like,Science
Like,Science
Like,Science
Like,Science
Like,Science
Like,Science
Like,Science
Like,Science
Like,Science
Like,Science
Like,Science
Like,Science
Like,Science
Like,Science
Like,Science
Like,Science
Like,Science
Like,Science
Like,Science
Like,Science
Like,Science
Like,Science
Love,Science
Love,Science
Love,Science
Love,Science
Love,Science
Love,Science
Love,Science
Love,Science
Love,Science
Love,Science
Love,Science
Love,Science
Love,Science
Love,Science
Love,Science
Love,Science
Love,Science
Love,Science
Love,Science
Love,Science
Love,Science
Love,Science
Love,Science
Hate,Social Studies
Hate,Social Studies
Dislike,Social Studies
Dislike,Social Studies
Dislike,Social Studies
Dislike,Social Studies
Dislike,Social Studies
Dislike,Social Studies
Dislike,Social Studies
Dislike,Social Studies
Dislike,Social Studies
Dislike,Social Studies
Dislike,Social Studies
Neutral,Social Studies
Neutral,Social Studies
Neutral,Social Studies
Neutral,Social Studies
Neutral,Social Studies
Neutral,Social Studies
Neutral,Social Studies
Neutral,Social Studies
Neutral,Social Studies
Neutral,Social Studies
Neutral,Social Studies
Neutral,Social Studies
Neutral,Social Studies
Neutral,Social Studies
Neutral,Social Studies
Neutral,Social Studies
Neutral,Social Studies
Neutral,Social Studies
Neutral,Social Studies
Neutral,Social Studies
Neutral,Social Studies
Neutral,Social Studies
Neutral,Social Studies
Neutral,Social Studies
Neutral,Social Studies
Neutral,Social Studies
Neutral,Social Studies
Neutral,Social Studies
Neutral,Social Studies
Neutral,Social Studies
Neutral,Social Studies
Neutral,Social Studies
Neutral,Social Studies
Neutral,Social Studies
Like,Social Studies
Like,Social Studies
Like,Social Studies
Like,Social Studies
Like,Social Studies
Like,Social Studies
Like,Social Studies
Like,Social Studies
Like,Social Studies
Like,Social Studies
Like,Social Studies
Like,Social Studies
Like,Social Studies
Like,Social Studies
Like,Social Studies
Like,Social Studies
Like,Social Studies
Like,Social Studies
Like,Social Studies
Like,Social Studies
Like,Social Studies
Like,Social Studies
Like,Social Studies
Like,Social Studies
Like,Social Studies
Like,Social Studies
Like,Social Studies
Like,Social Studies
Like,Social Studies
Like,Social Studies
Like,Social Studies
Like,Social Studies
Like,Social Studies
Like,Social Studies
Like,Social Studies
Like,Social Studies
Like,Social Studies
Like,Social Studies
Like,Social Studies
Like,Social Studies
Like,Social Studies
Like,Social Studies
Like,Social Studies
Like,Social Studies
Like,Social Studies
Like,Social Studies
Like,Social Studies
Like,Social Studies
Like,Social Studies
Like,Social Studies
Like,Social Studies
Like,Social Studies
Like,Social Studies
Like,Social Studies
Like,Social Studies
Like,Social Studies
Like,Social Studies
Like,Social Studies
Like,Social Studies
Like,Social Studies
Like,Social Studies
Like,Social Studies
Like,Social Studies
Like,Social Studies
Like,Social Studies
Like,Social Studies
Like,Social Studies
Like,Social Studies
Like,Social Studies
Like,Social Studies
Like,Social Studies
Love,Social Studies
Love,Social Studies
Love,Social Studies
Love,Social Studies
Love,Social Studies
Love,Social Studies
Love,Social Studies
Love,Social Studies
Love,Social Studies
Love,Social Studies
Love,Social Studies
Love,Social Studies
Love,Social Studies
Love,Social Studies
Love,Social Studies
Love,Social Studies
Love,Social Studies
Love,Social Studies
Love,Social Studies
Love,Social Studies
Love,Social Studies
Love,Social Studies
Love,Social Studies
Love,Social Studies
Love,Social Studies
Love,Social Studies
Love,Social Studies
Love,Social Studies
Love,Social Studies
Love,Social Studies
Love,Social Studies
Love,Social Studies
Love,Social Studies
Love,Social Studies
Love,Social Studies
Love,Social Studies
Love,Social Studies
Love,Social Studies
Love,Social Studies
Love,Social Studies
Love,Social Studies
Love,Social Studies
Love,Social Studies
Love,Social Studies
Love,Social Studies
Love,Social Studies
Love,Social Studies
