7-8,9th
7-8,9th
7-8,9th
7-8,9th
7-8,9th
7-8,9th
7-8,9th
3-4,9th
5-6,9th
7-8,9th
7-8,9th
5-6,9th
5-6,9th
7-8,9th
7-8,9th
7-8,9th
7-8,9th
3-4,9th
7-8,9th
5-6,9th
5-6,9th
5-6,9th
7-8,9th
5-6,9th
5-6,9th
5-6,9th
3-4,9th
7-8,9th
7-8,9th
5-6,9th
5-6,9th
7-8,9th
5-6,9th
7-8,9th
5-6,10th
7-8,10th
5-6,10th
1-2,10th
7-8,10th
7-8,10th
5-6,10th
5-6,10th
5-6,10th
1-2,10th
7-8,10th
1-2,10th
1-2,10th
1-2,10th
5-6,10th
1-2,10th
5-6,10th
7-8,10th
5-6,10th
5-6,10th
7-8,10th
5-6,10th
7-8,10th
5-6,10th
5-6,10th
3-4,10th
5-6,10th
5-6,10th
7-8,10th
7-8,10th
5-6,10th
7-8,10th
5-6,11th
5-6,11th
1-2,11th
5-6,11th
9-10,11th
7-8,11th
5-6,11th
7-8,11th
7-8,11th
7-8,11th
5-6,11th
5-6,11th
7-8,11th
5-6,11th
3-4,11th
5-6,11th
3-4,11th
7-8,11th
7-8,11th
1-2,11th
3-4,11th
5-6,11th
5-6,11th
3-4,11th
5-6,11th
5-6,11th
3-4,11th
5-6,11th
5-6,11th
7-8,11th
7-8,11th
3-4,11th
7-8,11th
7-8,11th
5-6,11th
7-8,11th
1-2,11th
3-4,11th
5-6,12th
5-6,12th
5-6,12th
7-8,12th
3-4,12th
3-4,12th
5-6,12th
5-6,12th
5-6,12th
7-8,12th
5-6,12th
7-8,12th
7-8,12th
7-8,12th
1-2,12th
7-8,12th
1-2,12th
3-4,12th
7-8,12th
7-8,12th
5-6,12th
1-2,12th
1-2,12th
3-4,12th
3-4,12th
1-2,12th
7-8,12th
1-2,12th
5-6,12th
